{"cameraMode":{"drawMode":0,"name":"Shaded","section":"Shading Mode"},"sceneLighting":true,"audioPlay":false,"sceneViewState":{"m_AlwaysRefresh":false,"showFog":true,"showSkybox":true,"showFlares":true,"showImageEffects":true,"showParticleSystems":true,"showVisualEffectGraphs":true,"m_FxEnabled":true},"in2DMode":false,"pivot":{"x":-0.6327772736549377,"y":9.940383911132813,"z":-13.866863250732422},"rotation":{"x":-0.21043579280376435,"y":-0.10354277491569519,"z":0.022696228697896005,"w":-0.9716383814811707},"size":1.3928388357162476,"orthographic":false}